Nombre,Empresa,Correo,Teléfono,Sitio web,Dirección,Ciudad,País,Categoría,Notas
Inmobiliaria Sol Naciente,,,55 1000 1000,,,Ciudad de México,México,Inmobiliaria,Interesados en departamentos de lujo
Inmobiliaria Del Valle,Del Valle S de RL,ventas@delvalle0.com,33 1137 1211,delvalle0.mx,Blvd. Díaz Ordaz 101,Guadalajara,México,Constructora,Zona premium
Inmobiliaria Santa Fe,Santa Fe Grupo,info@santafe0.com,81 1274 1422,www.santafe0.mx,Calz. del Valle 102,Monterrey,México,Desarrolladora,"Manejan casas, terrenos y locales"
Inmobiliaria Las Palmas,Las Palmas & Asociados,hola@laspalmas0.mx,222 1411 1633,laspalmas0.mx,Av. Constitución 103,Puebla,México,Administración de propiedades,"Cliente potencial, llamar por la mañana"
Inmobiliaria Monte Real,Monte Real SA de CV,contacto@montereal0.com,442 1548 1844,www.montereal0.mx,,Querétaro,México,Terrenos,"Propiedades vacacionales, alta temporada"
Inmobiliaria Vista Hermosa,,ventas@vistahermosa0.com,999 1685 2055,vistahermosa0.mx,Blvd. Díaz Ordaz 105,Mérida,México,Oficinas,
Inmobiliaria El Roble,El Roble Grupo,info@elroble0.mx,998 1822 2266,www.elroble0.mx,Calz. del Valle 106,Cancún,México,Arrendamiento,Referido por contacto en la feria
Inmobiliaria Altavista,Altavista & Asociados,hola@altavista0.com,477 1959 2477,,Av. Constitución 107,León,México,Asesoría inmobiliaria,Espacios corporativos y coworking
Inmobiliaria La Herradura,La Herradura SA de CV,contacto@laherradura0.com,664 2096 2688,www.laherradura0.mx,,Tijuana,México,Inmobiliaria,
Inmobiliaria Punta Norte,Punta Norte S de RL,ventas@puntanorte0.mx,722 2233 2899,puntanorte0.mx,Blvd. Díaz Ordaz 109,Toluca,México,Constructora,Prefieren contacto por WhatsApp
Inmobiliaria Costa Azul,,info@costaazul0.com,444 2370 3110,www.costaazul0.mx,Calz. del Valle 110,San Luis Potosí,México,Desarrolladora,Cartera amplia en la zona norte
Inmobiliaria San Ángel,San Ángel & Asociados,,449 2507 3321,sanangel0.mx,Av. Constitución 111,Aguascalientes,México,Administración de propiedades,
Inmobiliaria Bosques,Bosques SA de CV,contacto@bosques0.mx,229 2644 3532,www.bosques0.mx,,Veracruz,México,Terrenos,Interesados en departamentos de lujo
Inmobiliaria Providencia,Providencia S de RL,ventas@providencia0.com,667 2781 3743,providencia0.mx,Blvd. Díaz Ordaz 113,Culiacán,México,Oficinas,Zona premium
Inmobiliaria Chapultepec,Chapultepec Grupo,info@chapultepec0.com,662 2918 3954,,Calz. del Valle 114,Hermosillo,México,Arrendamiento,"Manejan casas, terrenos y locales"
Inmobiliaria Reforma,,hola@reforma0.mx,443 3055 4165,reforma0.mx,Av. Constitución 115,Morelia,México,Asesoría inmobiliaria,"Cliente potencial, llamar por la mañana"
Inmobiliaria Insurgentes,Insurgentes SA de CV,contacto@insurgentes0.com,614 3192 4376,www.insurgentes0.mx,,Chihuahua,México,Inmobiliaria,"Propiedades vacacionales, alta temporada"
Inmobiliaria Polanco,Polanco S de RL,ventas@polanco0.com,844 3329 4587,polanco0.mx,Blvd. Díaz Ordaz 117,Saltillo,México,Constructora,
Inmobiliaria Country,Country Grupo,info@country0.mx,55 3466 4798,www.country0.mx,Calz. del Valle 118,Ciudad de México,México,Desarrolladora,Referido por contacto en la feria
Inmobiliaria Lomas Verdes,Lomas Verdes & Asociados,hola@lomasverdes0.com,33 3603 5009,lomasverdes0.mx,Av. Constitución 119,Guadalajara,México,Administración de propiedades,Espacios corporativos y coworking
Inmobiliaria Cumbres,,contacto@cumbres0.com,81 3740 5220,www.cumbres0.mx,,Monterrey,México,Terrenos,
Inmobiliaria Valle Alto,Valle Alto S de RL,ventas@vallealto0.mx,222 3877 5431,,Blvd. Díaz Ordaz 121,Puebla,México,Oficinas,Prefieren contacto por WhatsApp
Inmobiliaria Puerta de Hierro,Puerta de Hierro Grupo,,442 4014 5642,www.puertadehierro0.mx,Calz. del Valle 122,Querétaro,México,Arrendamiento,Cartera amplia en la zona norte
Inmobiliaria Andares,Andares & Asociados,hola@andares0.com,999 4151 5853,andares0.mx,Av. Constitución 123,Mérida,México,Asesoría inmobiliaria,
Inmobiliaria Zibatá,Zibatá SA de CV,contacto@zibata0.mx,998 4288 6064,www.zibata0.mx,,Cancún,México,Inmobiliaria,Interesados en departamentos de lujo
Inmobiliaria Juriquilla,,ventas@juriquilla0.com,477 4425 6275,juriquilla0.mx,Blvd. Díaz Ordaz 125,León,México,Constructora,Zona premium
Inmobiliaria Mocambo,Mocambo Grupo,info@mocambo0.com,664 4562 6486,www.mocambo0.mx,Calz. del Valle 126,Tijuana,México,Desarrolladora,"Manejan casas, terrenos y locales"
Inmobiliaria Playa Dorada,Playa Dorada & Asociados,hola@playadorada0.mx,722 4699 6697,playadorada0.mx,Av. Constitución 127,Toluca,México,Administración de propiedades,"Cliente potencial, llamar por la mañana"
Inmobiliaria La Cañada,La Cañada SA de CV,contacto@lacanada0.com,444 4836 6908,,,San Luis Potosí,México,Terrenos,"Propiedades vacacionales, alta temporada"
Inmobiliaria Sierra Madre,Sierra Madre S de RL,ventas@sierramadre0.com,449 4973 7119,sierramadre0.mx,Blvd. Díaz Ordaz 129,Aguascalientes,México,Oficinas,
Grupo Inmobiliario Sol Naciente,,info@solnaciente1.mx,229 5110 7330,www.solnaciente1.mx,Calz. del Valle 130,Veracruz,México,Arrendamiento,Referido por contacto en la feria
Grupo Inmobiliario Del Valle,Del Valle & Asociados,hola@delvalle1.com,667 5247 7541,delvalle1.mx,Av. Constitución 131,Culiacán,México,Asesoría inmobiliaria,Espacios corporativos y coworking
Grupo Inmobiliario Santa Fe,Santa Fe SA de CV,contacto@santafe1.com,662 5384 7752,www.santafe1.mx,,Hermosillo,México,Inmobiliaria,
Grupo Inmobiliario Las Palmas,Las Palmas S de RL,,443 5521 7963,laspalmas1.mx,Blvd. Díaz Ordaz 133,Morelia,México,Constructora,Prefieren contacto por WhatsApp
Grupo Inmobiliario Monte Real,Monte Real Grupo,info@montereal1.com,614 5658 8174,www.montereal1.mx,Calz. del Valle 134,Chihuahua,México,Desarrolladora,Cartera amplia en la zona norte
Grupo Inmobiliario Vista Hermosa,,hola@vistahermosa1.com,844 5795 8385,,Av. Constitución 135,Saltillo,México,Administración de propiedades,
Grupo Inmobiliario El Roble,El Roble SA de CV,contacto@elroble1.mx,55 5932 8596,www.elroble1.mx,,Ciudad de México,México,Terrenos,Interesados en departamentos de lujo
Grupo Inmobiliario Altavista,Altavista S de RL,ventas@altavista1.com,33 6069 8807,altavista1.mx,Blvd. Díaz Ordaz 137,Guadalajara,México,Oficinas,Zona premium
Grupo Inmobiliario La Herradura,La Herradura Grupo,info@laherradura1.com,81 6206 9018,www.laherradura1.mx,Calz. del Valle 138,Monterrey,México,Arrendamiento,"Manejan casas, terrenos y locales"
Grupo Inmobiliario Punta Norte,Punta Norte & Asociados,hola@puntanorte1.mx,222 6343 9229,puntanorte1.mx,Av. Constitución 139,Puebla,México,Asesoría inmobiliaria,"Cliente potencial, llamar por la mañana"
Grupo Inmobiliario Costa Azul,,contacto@costaazul1.com,442 6480 9440,www.costaazul1.mx,,Querétaro,México,Inmobiliaria,"Propiedades vacacionales, alta temporada"
Grupo Inmobiliario San Ángel,San Ángel S de RL,ventas@sanangel1.com,999 6617 9651,sanangel1.mx,Blvd. Díaz Ordaz 141,Mérida,México,Constructora,
Grupo Inmobiliario Bosques,Bosques Grupo,info@bosques1.mx,998 6754 9862,,Calz. del Valle 142,Cancún,México,Desarrolladora,Referido por contacto en la feria
Grupo Inmobiliario Providencia,Providencia & Asociados,hola@providencia1.com,477 6891 1073,providencia1.mx,Av. Constitución 143,León,México,Administración de propiedades,Espacios corporativos y coworking
Grupo Inmobiliario Chapultepec,Chapultepec SA de CV,,664 7028 1284,www.chapultepec1.mx,,Tijuana,México,Terrenos,
Grupo Inmobiliario Reforma,,ventas@reforma1.mx,722 7165 1495,reforma1.mx,Blvd. Díaz Ordaz 145,Toluca,México,Oficinas,Prefieren contacto por WhatsApp
Grupo Inmobiliario Insurgentes,Insurgentes Grupo,info@insurgentes1.com,444 7302 1706,www.insurgentes1.mx,Calz. del Valle 146,San Luis Potosí,México,Arrendamiento,Cartera amplia en la zona norte
Grupo Inmobiliario Polanco,Polanco & Asociados,hola@polanco1.com,449 7439 1917,polanco1.mx,Av. Constitución 147,Aguascalientes,México,Asesoría inmobiliaria,
Grupo Inmobiliario Country,Country SA de CV,contacto@country1.mx,229 7576 2128,www.country1.mx,,Veracruz,México,Inmobiliaria,Interesados en departamentos de lujo
Grupo Inmobiliario Lomas Verdes,Lomas Verdes S de RL,ventas@lomasverdes1.com,667 7713 2339,,Blvd. Díaz Ordaz 149,Culiacán,México,Constructora,Zona premium
Grupo Inmobiliario Cumbres,,info@cumbres1.com,662 7850 2550,www.cumbres1.mx,Calz. del Valle 150,Hermosillo,México,Desarrolladora,"Manejan casas, terrenos y locales"
Grupo Inmobiliario Valle Alto,Valle Alto & Asociados,hola@vallealto1.mx,443 7987 2761,vallealto1.mx,Av. Constitución 151,Morelia,México,Administración de propiedades,"Cliente potencial, llamar por la mañana"
Grupo Inmobiliario Puerta de Hierro,Puerta de Hierro SA de CV,contacto@puertadehierro1.com,614 8124 2972,www.puertadehierro1.mx,,Chihuahua,México,Terrenos,"Propiedades vacacionales, alta temporada"
Grupo Inmobiliario Andares,Andares S de RL,ventas@andares1.com,844 8261 3183,andares1.mx,Blvd. Díaz Ordaz 153,Saltillo,México,Oficinas,
Grupo Inmobiliario Zibatá,Zibatá Grupo,info@zibata1.mx,55 8398 3394,www.zibata1.mx,Calz. del Valle 154,Ciudad de México,México,Arrendamiento,Referido por contacto en la feria
Grupo Inmobiliario Juriquilla,,,33 8535 3605,juriquilla1.mx,Av. Constitución 155,Guadalajara,México,Asesoría inmobiliaria,Espacios corporativos y coworking
Grupo Inmobiliario Mocambo,Mocambo SA de CV,contacto@mocambo1.com,81 8672 3816,,,Monterrey,México,Inmobiliaria,
Grupo Inmobiliario Playa Dorada,Playa Dorada S de RL,ventas@playadorada1.mx,222 8809 4027,playadorada1.mx,Blvd. Díaz Ordaz 157,Puebla,México,Constructora,Prefieren contacto por WhatsApp
Grupo Inmobiliario La Cañada,La Cañada Grupo,info@lacanada1.com,442 8946 4238,www.lacanada1.mx,Calz. del Valle 158,Querétaro,México,Desarrolladora,Cartera amplia en la zona norte
Grupo Inmobiliario Sierra Madre,Sierra Madre & Asociados,hola@sierramadre1.com,999 9083 4449,sierramadre1.mx,Av. Constitución 159,Mérida,México,Administración de propiedades,
Bienes Raíces Sol Naciente,,contacto@solnaciente2.mx,998 9220 4660,www.solnaciente2.mx,,Cancún,México,Terrenos,Interesados en departamentos de lujo
Bienes Raíces Del Valle,Del Valle S de RL,ventas@delvalle2.com,477 9357 4871,delvalle2.mx,Blvd. Díaz Ordaz 161,León,México,Oficinas,Zona premium
Bienes Raíces Santa Fe,Santa Fe Grupo,info@santafe2.com,664 9494 5082,www.santafe2.mx,Calz. del Valle 162,Tijuana,México,Arrendamiento,"Manejan casas, terrenos y locales"
Bienes Raíces Las Palmas,Las Palmas & Asociados,hola@laspalmas2.mx,722 9631 5293,,Av. Constitución 163,Toluca,México,Asesoría inmobiliaria,"Cliente potencial, llamar por la mañana"
Bienes Raíces Monte Real,Monte Real SA de CV,contacto@montereal2.com,444 9768 5504,www.montereal2.mx,,San Luis Potosí,México,Inmobiliaria,"Propiedades vacacionales, alta temporada"
Bienes Raíces Vista Hermosa,,ventas@vistahermosa2.com,449 9905 5715,vistahermosa2.mx,Blvd. Díaz Ordaz 165,Aguascalientes,México,Constructora,
Bienes Raíces El Roble,El Roble Grupo,,229 1042 5926,www.elroble2.mx,Calz. del Valle 166,Veracruz,México,Desarrolladora,Referido por contacto en la feria
Bienes Raíces Altavista,Altavista & Asociados,hola@altavista2.com,667 1179 6137,altavista2.mx,Av. Constitución 167,Culiacán,México,Administración de propiedades,Espacios corporativos y coworking
Bienes Raíces La Herradura,La Herradura SA de CV,contacto@laherradura2.com,662 1316 6348,www.laherradura2.mx,,Hermosillo,México,Terrenos,
Bienes Raíces Punta Norte,Punta Norte S de RL,ventas@puntanorte2.mx,443 1453 6559,puntanorte2.mx,Blvd. Díaz Ordaz 169,Morelia,México,Oficinas,Prefieren contacto por WhatsApp
Bienes Raíces Costa Azul,,info@costaazul2.com,614 1590 6770,,Calz. del Valle 170,Chihuahua,México,Arrendamiento,Cartera amplia en la zona norte
Bienes Raíces San Ángel,San Ángel & Asociados,hola@sanangel2.com,844 1727 6981,sanangel2.mx,Av. Constitución 171,Saltillo,México,Asesoría inmobiliaria,
Bienes Raíces Bosques,Bosques SA de CV,contacto@bosques2.mx,55 1864 7192,www.bosques2.mx,,Ciudad de México,México,Inmobiliaria,Interesados en departamentos de lujo
Bienes Raíces Providencia,Providencia S de RL,ventas@providencia2.com,33 2001 7403,providencia2.mx,Blvd. Díaz Ordaz 173,Guadalajara,México,Constructora,Zona premium
Bienes Raíces Chapultepec,Chapultepec Grupo,info@chapultepec2.com,81 2138 7614,www.chapultepec2.mx,Calz. del Valle 174,Monterrey,México,Desarrolladora,"Manejan casas, terrenos y locales"
Bienes Raíces Reforma,,hola@reforma2.mx,222 2275 7825,reforma2.mx,Av. Constitución 175,Puebla,México,Administración de propiedades,"Cliente potencial, llamar por la mañana"
Bienes Raíces Insurgentes,Insurgentes SA de CV,contacto@insurgentes2.com,442 2412 8036,www.insurgentes2.mx,,Querétaro,México,Terrenos,"Propiedades vacacionales, alta temporada"
Bienes Raíces Polanco,Polanco S de RL,,999 2549 8247,,Blvd. Díaz Ordaz 177,Mérida,México,Oficinas,
Bienes Raíces Country,Country Grupo,info@country2.mx,998 2686 8458,www.country2.mx,Calz. del Valle 178,Cancún,México,Arrendamiento,Referido por contacto en la feria
Bienes Raíces Lomas Verdes,Lomas Verdes & Asociados,hola@lomasverdes2.com,477 2823 8669,lomasverdes2.mx,Av. Constitución 179,León,México,Asesoría inmobiliaria,Espacios corporativos y coworking
Bienes Raíces Cumbres,,contacto@cumbres2.com,664 2960 8880,www.cumbres2.mx,,Tijuana,México,Inmobiliaria,
Bienes Raíces Valle Alto,Valle Alto S de RL,ventas@vallealto2.mx,722 3097 9091,vallealto2.mx,Blvd. Díaz Ordaz 181,Toluca,México,Constructora,Prefieren contacto por WhatsApp
Bienes Raíces Puerta de Hierro,Puerta de Hierro Grupo,info@puertadehierro2.com,444 3234 9302,www.puertadehierro2.mx,Calz. del Valle 182,San Luis Potosí,México,Desarrolladora,Cartera amplia en la zona norte
Bienes Raíces Andares,Andares & Asociados,hola@andares2.com,449 3371 9513,andares2.mx,Av. Constitución 183,Aguascalientes,México,Administración de propiedades,
Bienes Raíces Zibatá,Zibatá SA de CV,contacto@zibata2.mx,229 3508 9724,,,Veracruz,México,Terrenos,Interesados en departamentos de lujo
Bienes Raíces Juriquilla,,ventas@juriquilla2.com,667 3645 9935,juriquilla2.mx,Blvd. Díaz Ordaz 185,Culiacán,México,Oficinas,Zona premium
Bienes Raíces Mocambo,Mocambo Grupo,info@mocambo2.com,662 3782 1146,www.mocambo2.mx,Calz. del Valle 186,Hermosillo,México,Arrendamiento,"Manejan casas, terrenos y locales"
Bienes Raíces Playa Dorada,Playa Dorada & Asociados,hola@playadorada2.mx,443 3919 1357,playadorada2.mx,Av. Constitución 187,Morelia,México,Asesoría inmobiliaria,"Cliente potencial, llamar por la mañana"
Bienes Raíces La Cañada,La Cañada SA de CV,,614 4056 1568,www.lacanada2.mx,,Chihuahua,México,Inmobiliaria,"Propiedades vacacionales, alta temporada"
Bienes Raíces Sierra Madre,Sierra Madre S de RL,ventas@sierramadre2.com,844 4193 1779,sierramadre2.mx,Blvd. Díaz Ordaz 189,Saltillo,México,Constructora,
Constructora Sol Naciente,,info@solnaciente3.mx,55 4330 1990,www.solnaciente3.mx,Calz. del Valle 190,Ciudad de México,México,Desarrolladora,Referido por contacto en la feria
Constructora Del Valle,Del Valle & Asociados,hola@delvalle3.com,33 4467 2201,,Av. Constitución 191,Guadalajara,México,Administración de propiedades,Espacios corporativos y coworking
Constructora Santa Fe,Santa Fe SA de CV,contacto@santafe3.com,81 4604 2412,www.santafe3.mx,,Monterrey,México,Terrenos,
Constructora Las Palmas,Las Palmas S de RL,ventas@laspalmas3.mx,222 4741 2623,laspalmas3.mx,Blvd. Díaz Ordaz 193,Puebla,México,Oficinas,Prefieren contacto por WhatsApp
Constructora Monte Real,Monte Real Grupo,info@montereal3.com,442 4878 2834,www.montereal3.mx,Calz. del Valle 194,Querétaro,México,Arrendamiento,Cartera amplia en la zona norte
Constructora Vista Hermosa,,hola@vistahermosa3.com,999 5015 3045,vistahermosa3.mx,Av. Constitución 195,Mérida,México,Asesoría inmobiliaria,
Constructora El Roble,El Roble SA de CV,contacto@elroble3.mx,998 5152 3256,www.elroble3.mx,,Cancún,México,Inmobiliaria,Interesados en departamentos de lujo
Constructora Altavista,Altavista S de RL,ventas@altavista3.com,477 5289 3467,altavista3.mx,Blvd. Díaz Ordaz 197,León,México,Constructora,Zona premium
Constructora La Herradura,La Herradura Grupo,info@laherradura3.com,664 5426 3678,,Calz. del Valle 198,Tijuana,México,Desarrolladora,"Manejan casas, terrenos y locales"
Constructora Punta Norte,Punta Norte & Asociados,,722 5563 3889,puntanorte3.mx,Av. Constitución 199,Toluca,México,Administración de propiedades,"Cliente potencial, llamar por la mañana"
Constructora Costa Azul,,contacto@costaazul3.com,444 5700 4100,www.costaazul3.mx,,San Luis Potosí,México,Terrenos,"Propiedades vacacionales, alta temporada"
Constructora San Ángel,San Ángel S de RL,ventas@sanangel3.com,449 5837 4311,sanangel3.mx,Blvd. Díaz Ordaz 201,Aguascalientes,México,Oficinas,
Constructora Bosques,Bosques Grupo,info@bosques3.mx,229 5974 4522,www.bosques3.mx,Calz. del Valle 202,Veracruz,México,Arrendamiento,Referido por contacto en la feria
Constructora Providencia,Providencia & Asociados,hola@providencia3.com,667 6111 4733,providencia3.mx,Av. Constitución 203,Culiacán,México,Asesoría inmobiliaria,Espacios corporativos y coworking
Constructora Chapultepec,Chapultepec SA de CV,contacto@chapultepec3.com,662 6248 4944,www.chapultepec3.mx,,Hermosillo,México,Inmobiliaria,
Constructora Reforma,,ventas@reforma3.mx,443 6385 5155,,Blvd. Díaz Ordaz 205,Morelia,México,Constructora,Prefieren contacto por WhatsApp
Constructora Insurgentes,Insurgentes Grupo,info@insurgentes3.com,614 6522 5366,www.insurgentes3.mx,Calz. del Valle 206,Chihuahua,México,Desarrolladora,Cartera amplia en la zona norte
Constructora Polanco,Polanco & Asociados,hola@polanco3.com,844 6659 5577,polanco3.mx,Av. Constitución 207,Saltillo,México,Administración de propiedades,
Constructora Country,Country SA de CV,contacto@country3.mx,55 6796 5788,www.country3.mx,,Ciudad de México,México,Terrenos,Interesados en departamentos de lujo
Constructora Lomas Verdes,Lomas Verdes S de RL,ventas@lomasverdes3.com,33 6933 5999,lomasverdes3.mx,Blvd. Díaz Ordaz 209,Guadalajara,México,Oficinas,Zona premium
Constructora Cumbres,,,81 7070 6210,www.cumbres3.mx,Calz. del Valle 210,Monterrey,México,Arrendamiento,"Manejan casas, terrenos y locales"
Constructora Valle Alto,Valle Alto & Asociados,hola@vallealto3.mx,222 7207 6421,vallealto3.mx,Av. Constitución 211,Puebla,México,Asesoría inmobiliaria,"Cliente potencial, llamar por la mañana"
Constructora Puerta de Hierro,Puerta de Hierro SA de CV,contacto@puertadehierro3.com,442 7344 6632,,,Querétaro,México,Inmobiliaria,"Propiedades vacacionales, alta temporada"
Constructora Andares,Andares S de RL,ventas@andares3.com,999 7481 6843,andares3.mx,Blvd. Díaz Ordaz 213,Mérida,México,Constructora,
Constructora Zibatá,Zibatá Grupo,info@zibata3.mx,998 7618 7054,www.zibata3.mx,Calz. del Valle 214,Cancún,México,Desarrolladora,Referido por contacto en la feria
Constructora Juriquilla,,hola@juriquilla3.com,477 7755 7265,juriquilla3.mx,Av. Constitución 215,León,México,Administración de propiedades,Espacios corporativos y coworking
Constructora Mocambo,Mocambo SA de CV,contacto@mocambo3.com,664 7892 7476,www.mocambo3.mx,,Tijuana,México,Terrenos,
Constructora Playa Dorada,Playa Dorada S de RL,ventas@playadorada3.mx,722 8029 7687,playadorada3.mx,Blvd. Díaz Ordaz 217,Toluca,México,Oficinas,Prefieren contacto por WhatsApp
Constructora La Cañada,La Cañada Grupo,info@lacanada3.com,444 8166 7898,www.lacanada3.mx,Calz. del Valle 218,San Luis Potosí,México,Arrendamiento,Cartera amplia en la zona norte
Constructora Sierra Madre,Sierra Madre & Asociados,hola@sierramadre3.com,449 8303 8109,,Av. Constitución 219,Aguascalientes,México,Asesoría inmobiliaria,
Desarrollos Sol Naciente,,contacto@solnaciente4.mx,229 8440 8320,www.solnaciente4.mx,,Veracruz,México,Inmobiliaria,Interesados en departamentos de lujo
Desarrollos Del Valle,Del Valle S de RL,,667 8577 8531,delvalle4.mx,Blvd. Díaz Ordaz 221,Culiacán,México,Constructora,Zona premium
Desarrollos Santa Fe,Santa Fe Grupo,info@santafe4.com,662 8714 8742,www.santafe4.mx,Calz. del Valle 222,Hermosillo,México,Desarrolladora,"Manejan casas, terrenos y locales"
Desarrollos Las Palmas,Las Palmas & Asociados,hola@laspalmas4.mx,443 8851 8953,laspalmas4.mx,Av. Constitución 223,Morelia,México,Administración de propiedades,"Cliente potencial, llamar por la mañana"
Desarrollos Monte Real,Monte Real SA de CV,contacto@montereal4.com,614 8988 9164,www.montereal4.mx,,Chihuahua,México,Terrenos,"Propiedades vacacionales, alta temporada"
Desarrollos Vista Hermosa,,ventas@vistahermosa4.com,844 9125 9375,vistahermosa4.mx,Blvd. Díaz Ordaz 225,Saltillo,México,Oficinas,
Desarrollos El Roble,El Roble Grupo,info@elroble4.mx,55 9262 9586,,Calz. del Valle 226,Ciudad de México,México,Arrendamiento,Referido por contacto en la feria
Desarrollos Altavista,Altavista & Asociados,hola@altavista4.com,33 9399 9797,altavista4.mx,Av. Constitución 227,Guadalajara,México,Asesoría inmobiliaria,Espacios corporativos y coworking
Desarrollos La Herradura,La Herradura SA de CV,contacto@laherradura4.com,81 9536 1008,www.laherradura4.mx,,Monterrey,México,Inmobiliaria,
Desarrollos Punta Norte,Punta Norte S de RL,ventas@puntanorte4.mx,222 9673 1219,puntanorte4.mx,Blvd. Díaz Ordaz 229,Puebla,México,Constructora,Prefieren contacto por WhatsApp
Desarrollos Costa Azul,,info@costaazul4.com,442 9810 1430,www.costaazul4.mx,Calz. del Valle 230,Querétaro,México,Desarrolladora,Cartera amplia en la zona norte
Desarrollos San Ángel,San Ángel & Asociados,hola@sanangel4.com,999 9947 1641,sanangel4.mx,Av. Constitución 231,Mérida,México,Administración de propiedades,
Desarrollos Bosques,Bosques SA de CV,,998 1084 1852,www.bosques4.mx,,Cancún,México,Terrenos,Interesados en departamentos de lujo
Desarrollos Providencia,Providencia S de RL,ventas@providencia4.com,477 1221 2063,,Blvd. Díaz Ordaz 233,León,México,Oficinas,Zona premium
Desarrollos Chapultepec,Chapultepec Grupo,info@chapultepec4.com,664 1358 2274,www.chapultepec4.mx,Calz. del Valle 234,Tijuana,México,Arrendamiento,"Manejan casas, terrenos y locales"
Desarrollos Reforma,,hola@reforma4.mx,722 1495 2485,reforma4.mx,Av. Constitución 235,Toluca,México,Asesoría inmobiliaria,"Cliente potencial, llamar por la mañana"
Desarrollos Insurgentes,Insurgentes SA de CV,contacto@insurgentes4.com,444 1632 2696,www.insurgentes4.mx,,San Luis Potosí,México,Inmobiliaria,"Propiedades vacacionales, alta temporada"
Desarrollos Polanco,Polanco S de RL,ventas@polanco4.com,449 1769 2907,polanco4.mx,Blvd. Díaz Ordaz 237,Aguascalientes,México,Constructora,
Desarrollos Country,Country Grupo,info@country4.mx,229 1906 3118,www.country4.mx,Calz. del Valle 238,Veracruz,México,Desarrolladora,Referido por contacto en la feria
Desarrollos Lomas Verdes,Lomas Verdes & Asociados,hola@lomasverdes4.com,667 2043 3329,lomasverdes4.mx,Av. Constitución 239,Culiacán,México,Administración de propiedades,Espacios corporativos y coworking
Desarrollos Cumbres,,contacto@cumbres4.com,662 2180 3540,,,Hermosillo,México,Terrenos,
Desarrollos Valle Alto,Valle Alto S de RL,ventas@vallealto4.mx,443 2317 3751,vallealto4.mx,Blvd. Díaz Ordaz 241,Morelia,México,Oficinas,Prefieren contacto por WhatsApp
Desarrollos Puerta de Hierro,Puerta de Hierro Grupo,info@puertadehierro4.com,614 2454 3962,www.puertadehierro4.mx,Calz. del Valle 242,Chihuahua,México,Arrendamiento,Cartera amplia en la zona norte
Desarrollos Andares,Andares & Asociados,,844 2591 4173,andares4.mx,Av. Constitución 243,Saltillo,México,Asesoría inmobiliaria,
Desarrollos Zibatá,Zibatá SA de CV,contacto@zibata4.mx,55 2728 4384,www.zibata4.mx,,Ciudad de México,México,Inmobiliaria,Interesados en departamentos de lujo
Desarrollos Juriquilla,,ventas@juriquilla4.com,33 2865 4595,juriquilla4.mx,Blvd. Díaz Ordaz 245,Guadalajara,México,Constructora,Zona premium
Desarrollos Mocambo,Mocambo Grupo,info@mocambo4.com,81 3002 4806,www.mocambo4.mx,Calz. del Valle 246,Monterrey,México,Desarrolladora,"Manejan casas, terrenos y locales"
Desarrollos Playa Dorada,Playa Dorada & Asociados,hola@playadorada4.mx,222 3139 5017,,Av. Constitución 247,Puebla,México,Administración de propiedades,"Cliente potencial, llamar por la mañana"
Desarrollos La Cañada,La Cañada SA de CV,contacto@lacanada4.com,442 3276 5228,www.lacanada4.mx,,Querétaro,México,Terrenos,"Propiedades vacacionales, alta temporada"
Desarrollos Sierra Madre,Sierra Madre S de RL,ventas@sierramadre4.com,999 3413 5439,sierramadre4.mx,Blvd. Díaz Ordaz 249,Mérida,México,Oficinas,
Casas y Terrenos Sol Naciente,,info@solnaciente5.mx,998 3550 5650,www.solnaciente5.mx,Calz. del Valle 250,Cancún,México,Arrendamiento,Referido por contacto en la feria
Casas y Terrenos Del Valle,Del Valle & Asociados,hola@delvalle5.com,477 3687 5861,delvalle5.mx,Av. Constitución 251,León,México,Asesoría inmobiliaria,Espacios corporativos y coworking
Casas y Terrenos Santa Fe,Santa Fe SA de CV,contacto@santafe5.com,664 3824 6072,www.santafe5.mx,,Tijuana,México,Inmobiliaria,
Casas y Terrenos Las Palmas,Las Palmas S de RL,ventas@laspalmas5.mx,722 3961 6283,laspalmas5.mx,Blvd. Díaz Ordaz 253,Toluca,México,Constructora,Prefieren contacto por WhatsApp
Casas y Terrenos Monte Real,Monte Real Grupo,,444 4098 6494,,Calz. del Valle 254,San Luis Potosí,México,Desarrolladora,Cartera amplia en la zona norte
Casas y Terrenos Vista Hermosa,,hola@vistahermosa5.com,449 4235 6705,vistahermosa5.mx,Av. Constitución 255,Aguascalientes,México,Administración de propiedades,
Casas y Terrenos El Roble,El Roble SA de CV,contacto@elroble5.mx,229 4372 6916,www.elroble5.mx,,Veracruz,México,Terrenos,Interesados en departamentos de lujo
Casas y Terrenos Altavista,Altavista S de RL,ventas@altavista5.com,667 4509 7127,altavista5.mx,Blvd. Díaz Ordaz 257,Culiacán,México,Oficinas,Zona premium
Casas y Terrenos La Herradura,La Herradura Grupo,info@laherradura5.com,662 4646 7338,www.laherradura5.mx,Calz. del Valle 258,Hermosillo,México,Arrendamiento,"Manejan casas, terrenos y locales"
Casas y Terrenos Punta Norte,Punta Norte & Asociados,hola@puntanorte5.mx,443 4783 7549,puntanorte5.mx,Av. Constitución 259,Morelia,México,Asesoría inmobiliaria,"Cliente potencial, llamar por la mañana"
Casas y Terrenos Costa Azul,,contacto@costaazul5.com,614 4920 7760,www.costaazul5.mx,,Chihuahua,México,Inmobiliaria,"Propiedades vacacionales, alta temporada"
Casas y Terrenos San Ángel,San Ángel S de RL,ventas@sanangel5.com,844 5057 7971,,Blvd. Díaz Ordaz 261,Saltillo,México,Constructora,
Casas y Terrenos Bosques,Bosques Grupo,info@bosques5.mx,55 5194 8182,www.bosques5.mx,Calz. del Valle 262,Ciudad de México,México,Desarrolladora,Referido por contacto en la feria
Casas y Terrenos Providencia,Providencia & Asociados,hola@providencia5.com,33 5331 8393,providencia5.mx,Av. Constitución 263,Guadalajara,México,Administración de propiedades,Espacios corporativos y coworking
Casas y Terrenos Chapultepec,Chapultepec SA de CV,contacto@chapultepec5.com,81 5468 8604,www.chapultepec5.mx,,Monterrey,México,Terrenos,
Casas y Terrenos Reforma,,,222 5605 8815,reforma5.mx,Blvd. Díaz Ordaz 265,Puebla,México,Oficinas,Prefieren contacto por WhatsApp
Casas y Terrenos Insurgentes,Insurgentes Grupo,info@insurgentes5.com,442 5742 9026,www.insurgentes5.mx,Calz. del Valle 266,Querétaro,México,Arrendamiento,Cartera amplia en la zona norte
Casas y Terrenos Polanco,Polanco & Asociados,hola@polanco5.com,999 5879 9237,polanco5.mx,Av. Constitución 267,Mérida,México,Asesoría inmobiliaria,
Casas y Terrenos Country,Country SA de CV,contacto@country5.mx,998 6016 9448,,,Cancún,México,Inmobiliaria,Interesados en departamentos de lujo
Casas y Terrenos Lomas Verdes,Lomas Verdes S de RL,ventas@lomasverdes5.com,477 6153 9659,lomasverdes5.mx,Blvd. Díaz Ordaz 269,León,México,Constructora,Zona premium
Casas y Terrenos Cumbres,,info@cumbres5.com,664 6290 9870,www.cumbres5.mx,Calz. del Valle 270,Tijuana,México,Desarrolladora,"Manejan casas, terrenos y locales"
Casas y Terrenos Valle Alto,Valle Alto & Asociados,hola@vallealto5.mx,722 6427 1081,vallealto5.mx,Av. Constitución 271,Toluca,México,Administración de propiedades,"Cliente potencial, llamar por la mañana"
Inmobiliaria Vista Hermosa,,ventas@vistahermosa0.com,999 1685 2055,vistahermosa0.mx,Blvd. Díaz Ordaz 105,Mérida,México,Oficinas,
Grupo Inmobiliario Costa Azul,,contacto@costaazul1.com,442 6480 9440,www.costaazul1.mx,,Querétaro,México,Inmobiliaria,"Propiedades vacacionales, alta temporada"
Constructora Punta Norte,Punta Norte & Asociados,,722 5563 3889,puntanorte3.mx,Av. Constitución 199,Toluca,México,Administración de propiedades,"Cliente potencial, llamar por la mañana"
,Empresa sin nombre SA,x@ejemplo.mx,55 1111 2222,,,Ciudad de México,México,Inmobiliaria,Fila sin nombre a proposito
,,otro@ejemplo.mx,,,,,,,
Inmobiliaria Correo Roto,Correo Roto SA,esto-no-es-un-correo,55 3333 4444,correoroto.mx,Av. Falsa 123,Puebla,México,Inmobiliaria,Email invalido a proposito
Desarrollos Arroba Falta,,ventas.arrobafalta.mx,81 5555 6666,,,Monterrey,México,Desarrolladora,Email sin arroba
Grupo Punto Final,Punto Final,info@puntofinal,33 7777 8888,,,Guadalajara,México,Inmobiliaria,Email sin dominio
"Bienes Raíces ""El Mirador""",El Mirador SA de CV,contacto@elmirador.mx,442 999 0000,elmirador.mx,"Av. Principal 45, Local 3, Piso 2",Querétaro,México,Inmobiliaria,"Manejan casas, terrenos y locales comerciales"
Inmobiliaria Peña Muñoz,Peña & Muñoz,atencion@penamunoz.mx,999 123 4567,penamunoz.mx,Calle 60 #321 x 35 y 37,Mérida,México,Asesoría inmobiliaria,Atención en español e inglés
